record,split,rate_hz,protocol,model,horizon,divergence_seconds,n_diverged_windows,correction_force_finite,correction_force_aggregate_rms,correction_force_rms_X1,correction_force_max_X1,correction_force_rms_X2,correction_force_max_X2,correction_force_rms_Y,correction_force_max_Y,applied_force_finite,applied_force_aggregate_rms,applied_force_rms_X1,applied_force_max_X1,applied_force_rms_X2,applied_force_max_X2,applied_force_rms_Y,applied_force_max_Y
E1_resonance_sweep,E,4000,corate,oracle,full,,,True,0.14359416261016505,0.16782287955122813,0.3290138917102847,0.1540862125553233,0.30093761519864004,0.09975355034600673,0.2262653349342958,True,57.1854882833174,18.20269096454375,41.52550122118766,17.106412109336325,39.034099242425505,95.84661140071235,195.49743302298458
E1_resonance_sweep,E,4000,corate,oracle,windows,,0,True,0.15000214267790313,0.16642726164636507,0.35245626224912924,0.15285684322550586,0.3222052308441841,0.12821341772182615,0.798584262382356,True,57.42791006195039,18.282513376555187,41.61295862276087,17.18130765128574,39.095286230955196,96.25199704046842,195.60246142056553
E1_resonance_sweep,E,4000,corate,fp,full,,,True,61.74919971550053,20.666752375446418,34.68819857376034,21.96624404365687,37.29734691991857,102.61218478027257,180.13894404853573,True,107.61849220048877,35.575812778294065,64.57362211450126,35.90041025846982,65.21383195297963,179.4177852916408,289.98848918235274
E1_resonance_sweep,E,4000,corate,fp,windows,,0,True,61.64207887461332,20.431430772626978,43.215305528729196,21.692755460880246,44.37713066564264,102.52423450604226,209.7645848085673,True,107.16014013724957,35.051238959538175,65.85932085716382,35.362418313927414,66.3698891847867,178.8037944818204,313.8361364803951
E1_resonance_sweep,E,4000,controller20k_zoh,oracle,full,,,True,3.022927044417126,3.5131075361099957,7.786771178706573,3.2238640698572394,7.117631143309794,2.1631087920897634,4.734881014299617,True,58.53247272966622,21.081771841525782,48.60260500364859,19.736721461924176,45.45200196031056,97.18112889601386,200.05371862915152
E1_resonance_sweep,E,4000,controller20k_zoh,oracle,windows,,0,True,2.996520349493635,3.4689518339788186,7.79112276586568,3.1842763578117634,7.134871018054071,2.1826955503240235,8.057530738166873,True,58.73995908581868,21.084766113030135,48.60260494466826,19.741695893873434,45.452002047788895,97.55432569293643,200.14592621410065
E1_resonance_sweep,E,4000,controller20k_zoh,fp,full,,,True,62.62594500186755,21.027638353893764,35.58918814643938,22.43628608022671,38.71311054899123,104.0215288020459,181.46167778622652,True,108.67504309777124,37.118946767736986,69.77672626112155,37.412626324772475,70.33114394560707,180.70216976905354,295.05360721046253
E1_resonance_sweep,E,4000,controller20k_zoh,fp,windows,,0,True,62.501484718669246,20.722950108787654,43.554545868197756,22.097393762434795,44.715592983397705,103.93060811816032,211.56785350873713,True,108.20398670171055,36.54310390360017,70.83379350116878,36.8242446449252,71.2512326069001,180.09132343856348,315.0363125045302
E1_resonance_sweep,E,2000,corate,oracle,full,,,True,0.7133324050765864,0.8745819713422607,1.7073987048553534,0.8015832085295903,1.5563737750175786,0.3451088170469333,0.9766435548501416,True,56.64360818668042,17.518169578242137,40.45203023613237,16.47536513800333,38.00752634724567,95.11661854489952,193.8041251649812
E1_resonance_sweep,E,2000,corate,oracle,windows,,0,True,0.7585521531572994,0.8629447228823535,1.8479563818257378,0.7911541699375034,1.6937380380311071,0.596326749206107,3.50757562901166,True,56.89442530031624,17.616580165484333,40.791314703204065,16.56691455019493,38.39920084748351,95.53072980104044,193.87209429103737
E1_resonance_sweep,E,2000,corate,fp,full,,,True,70.08437736477646,27.560417944947105,47.01065184496085,29.111253788268183,50.06951751210141,114.57930929011597,198.67691088677265,True,118.88872542324461,43.93287770108028,79.38334692070407,44.446106190709244,80.34730590977759,196.20915625851174,318.215092153215
E1_resonance_sweep,E,2000,corate,fp,windows,,0,True,69.74033632353472,27.070299835398323,56.62169547609048,28.56554015180471,58.03744718316135,114.2031186711487,240.18813529286433,True,118.11333079857624,43.0755456222274,80.47090550446896,43.56574424953084,81.2552816303683,195.18913913005912,347.93695783320834
E1_resonance_sweep,E,2000,controller20k_zoh,oracle,full,,,True,7.98167518759346,9.518565225928292,21.41733850520137,8.71871673815355,19.522612515226683,4.94998089696568,10.683725162533221,True,60.246780398743645,25.328496686627805,60.088782817965146,23.604691077883114,55.85995872486787,98.439369461392,204.27455062213818
E1_resonance_sweep,E,2000,controller20k_zoh,oracle,windows,,0,True,7.875887320573562,9.349450318540429,21.417130276524404,8.566946762064296,19.521489934629052,5.028320313605063,18.951681089590952,True,60.39155186011617,25.16794700745124,60.08870856695887,23.46051944141392,55.85977489684778,98.7805501057183,205.5902979374291
E1_resonance_sweep,E,2000,controller20k_zoh,fp,full,,,True,71.71758822118862,30.370154408734876,55.031120302445174,31.897152408984965,58.67030284026211,116.14845143255017,195.75815253542302,True,120.96994895053056,48.05815313677182,94.25610929234487,48.46441374535714,95.08697864889493,198.09795598310242,329.7009928824214
E1_resonance_sweep,E,2000,controller20k_zoh,fp,windows,,0,True,71.33480098863647,29.655725733041084,57.87261627118409,31.144105386547665,59.43959681872201,115.82980673031989,238.04770618912258,True,120.1649202876072,47.0361284627813,94.37145084410605,47.4249888265853,95.08700668844203,197.12254375695335,347.3869916403874
E1_resonance_sweep,E,1000,corate,oracle,full,1.123,,False,,,,,,,,False,,,,,,,
E1_resonance_sweep,E,1000,corate,oracle,windows,,0,True,71.30564190394118,10.625672420717395,55.883641686583644,9.957854584852763,52.42243994083179,122.64346668157181,596.3085458194777,True,89.1117828133075,15.730935752438167,68.66544951795305,14.91068954740283,65.39167702816346,152.8166826824607,738.9149383220665
E1_resonance_sweep,E,1000,corate,fp,full,,,True,95.61596381719883,55.718914994313394,110.76847103739115,57.78107928082137,115.50474450459129,144.85850682329823,240.5201599103017,True,145.75809478472823,69.50116295421776,147.45922399549255,70.89777203796564,149.99121269163118,232.11928152112958,394.8467884232235
E1_resonance_sweep,E,1000,corate,fp,windows,,0,True,94.04336754784974,53.49958183823759,110.71190966519944,55.484698685779925,115.4240061582862,143.49811111684295,298.19812579725,True,143.86406969290246,67.11031406109356,147.46054631843714,68.43687383572743,149.99282617150084,230.00698183321956,413.34913562277944
E1_resonance_sweep,E,1000,controller20k_zoh,oracle,full,,,True,26.094754764991343,31.966423921869062,85.24974809546333,29.229776541339675,77.52343456724459,12.90645511849836,30.269896364876857,True,66.08518970994092,39.94401254902545,113.74438255655373,36.914757265054575,104.56532320087801,100.71511035858518,213.11087619015433
E1_resonance_sweep,E,1000,controller20k_zoh,oracle,windows,,0,True,25.365616019416603,30.81603680574266,85.2633507628135,28.182621521782814,77.54121702922367,13.651195840676989,49.6859991729645,True,65.88388164400492,38.99962918547984,113.70593830234634,36.05090249916868,104.52764936009217,101.00207390857999,225.04571052012207
E1_resonance_sweep,E,1000,controller20k_zoh,fp,full,,,True,105.25421103330972,77.3161764333806,187.86695579564656,78.47838521439076,192.02523172745293,145.25391126092862,261.0689438913604,True,154.17715086517018,88.67634253495268,225.94743827271486,89.52052344292045,228.26295899744474,235.44503329616782,432.84188639482716
E1_resonance_sweep,E,1000,controller20k_zoh,fp,windows,,0,True,103.10932584134468,73.9776261038245,187.8210692964068,75.12286359563073,192.0243662067179,144.14737398789043,289.274927706277,True,151.90994732050905,85.41374090243646,225.92239509444144,86.2221361748006,228.19786502797643,233.45263413220445,442.9242736516073
V1_standstill_Yp10,V,4000,corate,oracle,full,,,True,1.021546868173577,1.251102975748405,4.478163656694541,1.2330939111288781,4.668699907793478,0.21188384090369866,1.4208599296118543,True,198.27223219594433,222.15764580906188,786.6107363548363,223.45332026042485,880.2486766988602,136.56583852872876,459.8856814443485
V1_standstill_Yp10,V,4000,corate,oracle,windows,,0,True,1.0087192776069553,1.230188680291531,4.478163880799969,1.2166699431105592,4.668700592524679,0.24268045545865863,2.0082197868208356,True,198.54657700659325,222.20042097074565,786.6107365701082,223.95309676455585,880.248676446278,136.87298160372666,461.2979893168776
V1_standstill_Yp10,V,4000,corate,fp,full,,,True,88.51432847784615,30.603197644277643,114.19019068442037,34.67728087445835,131.22082866859597,146.16870226813722,509.43606174525,True,236.65896922625078,222.28449676333838,790.1103724806255,231.54246621658442,927.8139309550891,254.95115607250295,885.6021418920852
V1_standstill_Yp10,V,4000,corate,fp,windows,,0,True,88.21451629690911,30.309191544577686,135.28165193522153,34.30419764010457,147.20566985976382,145.77372050090398,570.7410833741372,True,236.18150304895426,222.38246689975452,790.1100019591867,231.81611497190522,927.8140307374798,253.28330857421614,942.6163068275778
V1_standstill_Yp10,V,4000,controller20k_zoh,oracle,full,,,True,20.745719905749997,25.471495702968934,91.48634275125335,24.942256535434783,95.94843402422475,4.499047543391252,26.610941807852186,True,215.02850246815692,244.68265083782575,871.3538791318099,244.09895325865307,957.6479535072134,138.772735139504,474.8064481115425
V1_standstill_Yp10,V,4000,controller20k_zoh,oracle,windows,,0,True,20.473096760634746,25.100356711947136,91.48634234452663,24.64616841573363,95.94843221918859,4.470072512527147,17.725014035359834,True,214.94537037340535,244.18612777726753,871.3538786401302,244.23804907545022,957.6479539154722,139.01599591357385,467.2722045722945
V1_standstill_Yp10,V,4000,controller20k_zoh,fp,full,,,True,91.63648854610432,36.75816554723495,130.37241071261334,42.79737898571861,151.04924529653863,148.35416986635613,528.096538609263,True,251.19918296122125,243.89364993753725,873.030057520047,252.27309352043773,1008.0776296354773,257.24941665032185,902.7777618049097
V1_standstill_Yp10,V,4000,controller20k_zoh,fp,windows,,0,True,91.27730779476231,36.395038008559915,130.37229758206442,42.26458993173798,151.0491646992375,147.9315598546744,589.8226522705702,True,250.45819516957351,243.48962417174153,873.0296862839128,252.1786487105805,1008.0777304502772,255.55166725734765,957.194013497571
V1_standstill_Yp10,V,2000,corate,oracle,full,,,True,5.043430072429353,6.199480899449923,22.64676259994846,6.07949469265549,22.756838889378532,0.9564212177610628,8.179051265256247,True,194.93203888051173,218.21030272298555,773.6332186087751,219.16004824197992,857.3911791324813,135.4571385584976,459.74039682678364
V1_standstill_Yp10,V,2000,corate,oracle,windows,,0,True,4.972555702225011,6.083595161636652,22.647243023803846,5.98531145790833,22.75803434172964,1.1596755133802568,9.557243355507552,True,195.2574127633917,218.32961746009084,773.6323465724771,219.72686094131794,857.3909320119237,135.75218759845356,459.7391277734316
V1_standstill_Yp10,V,2000,corate,fp,full,,,True,100.24957593319078,40.34295753765058,143.4796149866782,44.02179814641484,158.96159294288242,163.04741485048262,561.18582574438,True,245.5963565738645,221.29428129503916,775.9374643067074,233.1612710617422,901.4011325483046,278.5989480060096,966.6161069951597
V1_standstill_Yp10,V,2000,corate,fp,windows,,0,True,99.60569349534,39.66459739473557,150.6880661676963,43.21683249782379,153.87821868411743,162.24335928607812,575.547871864981,True,244.83943848938853,221.36154977747464,775.9377808214641,233.2314162111683,901.40110250975,276.4800583977886,936.0905869129814
V1_standstill_Yp10,V,2000,controller20k_zoh,oracle,full,,,True,54.04298853755958,66.58449208053374,241.26758963175212,64.82255325497871,247.24660606541192,11.24614752238319,63.30046334466488,True,237.75902371396313,275.902702492392,994.5394976818513,271.25219091168304,1056.585622065149,141.02484800650234,497.2800473871777
V1_standstill_Yp10,V,2000,controller20k_zoh,oracle,windows,,0,True,53.22089651942561,65.48912533662134,241.26788460494583,63.903960282711274,247.24188829748653,11.173620801881281,44.17457378452286,True,237.16988740768346,274.63848973629024,994.5395457412535,270.91163639365226,1056.5852026947887,141.17100162853026,497.27984343953057
V1_standstill_Yp10,V,2000,controller20k_zoh,fp,full,,,True,114.87888395477152,73.38433587334204,258.23392050181667,80.94570465474683,306.8836365799259,166.29493703193947,614.181712223514,True,281.9421982502475,276.8211352958987,993.8831594284023,286.18280128411305,1111.513106698637,282.7431215170623,1010.9137081195042
V1_standstill_Yp10,V,2000,controller20k_zoh,fp,windows,,0,True,113.93357972769168,72.28377007700793,258.2338282118543,79.59487358419733,306.88357243450025,165.47596336407534,595.496788705285,True,280.5172386391138,275.58427982391237,993.8834780628227,285.3053264422281,1111.5130762230547,280.5778660884875,988.542264375302
V1_standstill_Yp10,V,1000,corate,oracle,full,0.366,,False,,,,,,,,False,,,,,,,
V1_standstill_Yp10,V,1000,corate,oracle,windows,,0,True,104.72706387507921,40.00664409532122,209.26194072812268,38.79979832847031,186.05144481751873,172.61899606238327,1387.593450585787,True,199.7119969957389,190.52405264881045,648.6577150680492,191.71273202319193,775.6025616186398,215.87371070733732,1428.7561120428488
V1_standstill_Yp10,V,1000,corate,fp,full,,,True,136.80430791767276,83.98516512906748,286.21518864272304,85.74723968651024,279.14052169605714,204.30408444005147,712.3185682026023,True,259.65697124810123,208.0037427198193,740.1000351835662,227.28855761627756,902.5005332258943,327.62720086169753,1141.4025940643232
V1_standstill_Yp10,V,1000,corate,fp,windows,,0,True,134.40369776045355,81.02275076653498,265.777450058432,82.48410551750644,279.15202846130285,202.05135018170716,712.3186043338305,True,257.7937929099844,207.48040220204507,740.095851980492,226.49852438692702,902.6400979083285,324.07286239574273,1141.4026499491833
V1_standstill_Yp10,V,1000,controller20k_zoh,oracle,full,,,True,161.76915195712002,201.1896256402822,722.63669498731,192.0409843073451,720.1271157067541,33.92300776414998,143.03157405955548,True,297.8038736827466,359.96071604348606,1313.245997957912,339.3445434161226,1395.2405716539076,146.06507214427472,531.3667729657474
V1_standstill_Yp10,V,1000,controller20k_zoh,oracle,windows,,0,True,157.80666930614206,195.93917946106328,722.8197985478214,187.54153130272795,719.9256967399846,33.83558217686819,136.23881159307376,True,294.914026569037,355.267163776141,1313.0413251743914,336.70278724299806,1399.0192014778943,146.0798569507099,529.6278102277466
V1_standstill_Yp10,V,1000,controller20k_zoh,fp,full,,,True,227.25624085393008,226.04499221322573,887.0637245564802,239.574578442756,985.071437472891,215.50842183190235,875.9016391032072,True,371.63593587190394,381.46065442611297,1523.137905163711,391.157276247519,1588.120852454232,340.3286071689855,1316.7489764445158
V1_standstill_Yp10,V,1000,controller20k_zoh,fp,windows,,0,True,221.37274631735363,218.76268652833113,887.0526909258525,231.93018427427347,985.059821492663,212.99989446399047,875.9019347820371,True,365.97889797678226,374.46767933718127,1523.132014192995,385.1624721980968,1560.1381936332386,336.5196702051417,1316.7492721233457
V2_aprbs_Ylow,V,4000,corate,oracle,full,,,True,1.0772406157367393,1.4170977989576994,5.879426070775461,1.1940018173757363,4.7613024349772095,0.2180264224154719,1.4443651302254925,True,250.20439903079514,298.85888529214515,1294.6906667922296,271.5259046112399,1028.1786402510215,157.36509679744245,633.3611970334259
V2_aprbs_Ylow,V,4000,corate,oracle,windows,,0,True,1.0627698872695024,1.3944799885315546,5.8794260261456985,1.1754891751769243,4.761302656005215,0.24917917346239463,2.1887763742075905,True,250.67702957367194,299.56167628001646,1294.690830470605,271.80315455915405,1028.1797833760968,157.80610489977266,633.6849362797714
V2_aprbs_Ylow,V,4000,corate,fp,full,,,True,88.00757629056704,31.02145694501513,129.4518371016223,27.29649715271594,92.9615162677068,146.72617662101155,491.10424022629275,True,280.24499674496866,300.5926452335428,1312.8296806567291,271.55742549421205,1007.5422832689117,267.4180264907723,966.2362939012057
V2_aprbs_Ylow,V,4000,corate,fp,windows,,0,True,87.77560149818841,30.910387715159324,128.77930460133103,27.13119811908803,92.5707109774955,146.36295526883723,526.2176955072059,True,280.025146403913,301.4248629589943,1312.8318579093286,271.440833217983,1007.5142316119772,265.9044450694223,966.2115232064706
V2_aprbs_Ylow,V,4000,controller20k_zoh,oracle,full,,,True,21.83254119095138,28.622302327720586,116.02882744096348,24.2973454758755,93.9364767758077,4.51468457926848,20.450582807092395,True,264.67238732070257,318.4249834393522,1402.9290492426815,288.75250458885967,1107.7660877189487,159.31710154728964,639.0598805588295
V2_aprbs_Ylow,V,4000,controller20k_zoh,oracle,windows,,0,True,48.43189693863201,62.61095568217306,1532.9695147721231,50.84106449578804,1207.253123974501,23.06513196846898,658.2920815500781,True,268.5516961028922,323.9903962193462,1830.1304746192072,292.1397713011258,1696.6951770894332,161.38344903049557,931.7599160227344
V2_aprbs_Ylow,V,4000,controller20k_zoh,fp,full,,,True,91.3823514107767,39.22173927617376,160.6853216147623,36.21524514531246,140.6951643083712,149.00440810695767,508.5973655636537,True,293.10020623444194,318.78256072866725,1390.2433366681141,288.7363862586025,1080.9041711354216,269.6890263055065,980.4772940047973
V2_aprbs_Ylow,V,4000,controller20k_zoh,fp,windows,,0,True,100.80389381145254,68.34613194075756,1533.473862441664,57.01783426439722,1206.887654443867,150.2066837633602,660.1156959584653,True,296.00524381147443,324.5434009805496,1830.8976917275838,291.67267457227956,1696.2710449841477,269.1764196201116,980.4495261320924
V2_aprbs_Ylow,V,2000,corate,oracle,full,,,True,5.3601918260192125,7.0893671024697005,28.75765566188814,5.917483816615263,23.199392509075494,0.9587641011668919,9.402997224816978,True,247.49492912772448,295.3590998268619,1257.911663779952,268.4299511810018,1017.8005281755368,156.42756563420303,624.1254221248415
V2_aprbs_Ylow,V,2000,corate,oracle,windows,,0,True,5.264796527623196,6.9475915527656875,28.68787202349609,5.796038343522707,23.197967460266483,1.136291585893867,9.019051344347858,True,248.01215249246712,296.1333722482653,1258.0058876910668,268.7420969118747,1017.7748994609846,156.88465361570317,619.5856041383021
V2_aprbs_Ylow,V,2000,corate,fp,full,,,True,99.8057874349694,41.74276964674094,178.73340411060542,36.24726946213869,125.73696404741685,163.79029963737509,549.8571982704021,True,286.1852602673972,297.5620859498424,1298.8396481212847,269.841472048701,995.8399224833586,290.42795070502825,1039.8853971083797
V2_aprbs_Ylow,V,2000,corate,fp,windows,,0,True,99.17804998438058,41.125845008702335,185.68006933777164,35.6697400601134,139.09514315753768,162.9269508475409,563.120788621216,True,285.74781185332137,298.2741026882601,1298.8231022502644,269.7236635754918,996.0272394044894,288.50847632229386,1039.921594154638
V2_aprbs_Ylow,V,2000,controller20k_zoh,oracle,full,,,True,57.295580592065875,75.42573881478326,297.7960408370634,63.49790263655432,241.6090977230964,11.283835834879964,53.09719961091275,True,285.37690408119835,346.73387904384794,1539.909734834061,313.12449085799534,1212.4454549771883,161.3957945456941,638.0898378560986
V2_aprbs_Ylow,V,2000,controller20k_zoh,oracle,windows,,0,True,115.40650076332838,148.0191035207897,2574.5231369193525,120.85398266549147,1994.7499989227915,58.65697846035885,1066.6530831932646,True,302.20284998889684,368.7696013464481,2975.0067095892327,329.2212487481217,2402.150140091111,172.05242840409008,1333.0174072912164
V2_aprbs_Ylow,V,2000,controller20k_zoh,fp,full,,,True,114.72693243032424,79.44456483532848,338.57217845793514,72.29120889497597,305.39355125464283,167.1805889128423,584.8578542423995,True,318.3922574852602,344.45205564563406,1507.8871625629704,314.1716908290079,1179.44740511144,294.5671721743962,1082.7223104191573
V2_aprbs_Ylow,V,2000,controller20k_zoh,fp,windows,,0,True,151.5332643054343,151.0615438240312,2581.4486277676397,124.82177430872724,1988.7982423492551,174.60505493571264,1108.4057055535875,True,332.7329088213414,367.3482645713073,2983.276985608616,329.5408881024702,2396.7640375836118,297.6434468003927,1333.0174072912164
V2_aprbs_Ylow,V,1000,corate,oracle,full,0.356,,False,,,,,,,,False,,,,,,,
V2_aprbs_Ylow,V,1000,corate,oracle,windows,,0,True,108.72806357245649,46.81679108907523,258.78294998731457,38.657184412263526,222.64582546435406,178.26717474085507,1426.158462045833,True,252.06967327119432,272.80548288082326,1068.31085505921,248.08507991966334,937.4660053275402,233.76980596423286,1389.2161153775896
V2_aprbs_Ylow,V,1000,corate,fp,full,,,True,137.18962175460987,92.7100435744698,373.4157789034749,78.07606002999589,295.85751599924936,204.38188183430344,672.3052565087783,True,292.7655064237534,278.7557040655258,1154.1168067608771,255.94959870068695,943.107571363781,337.52034846888955,1185.7674847044377
V2_aprbs_Ylow,V,1000,corate,fp,windows,,0,True,134.8189702738611,89.02525700844231,373.17118885500736,75.0832850997824,294.82013243568304,202.3992790261821,672.4130724878872,True,292.1003463181853,280.0738530573496,1156.2179888086348,256.3418525552982,942.2786058161553,334.3879908425827,1181.352378020329
V2_aprbs_Ylow,V,1000,controller20k_zoh,oracle,full,,,True,177.12562926207806,234.68535936651523,898.0945901870732,194.5446732110784,695.0937278367935,34.57770739459075,130.86657637286373,True,347.0228538686818,431.771858738267,1807.64298428615,383.5032633446719,1559.3899561877963,166.65200967039252,618.2231459682332
V2_aprbs_Ylow,V,1000,controller20k_zoh,oracle,windows,,0,True,328.283364730202,394.95529197301653,5916.356303434708,325.9506687613235,4480.614741121541,247.1363622624229,2491.602800565058,True,443.9431068111063,536.2247540212364,5999.830692654775,464.47388474571557,4871.893281296279,296.62007656155316,2688.4410111432726
V2_aprbs_Ylow,V,1000,controller20k_zoh,fp,full,,,True,218.15418466234996,232.0947762399168,993.8634874882512,207.72612011248486,802.877437004755,213.905630412668,794.8516350123507,True,387.9875761790559,421.428398802675,1627.555198614483,390.2609894175705,1532.2225863583876,348.8517487835322,1315.2172920558078
V2_aprbs_Ylow,V,1000,controller20k_zoh,fp,windows,,0,True,332.0533674768287,396.4872336954669,5916.356303434708,331.5692334165311,4480.614741121541,252.26579935892272,2491.602800565058,True,461.794042330339,530.7314264193474,5999.830692654775,468.47189876213383,4871.893281296279,372.3163247515112,2688.4410111432726
V3_ysweep_Yp10,V,4000,corate,oracle,full,,,True,1.006360636411921,1.2255953517492624,4.413534429881767,1.2212781597944107,4.871321978736824,0.21137852714502456,0.8026003083531529,True,197.7865435465783,220.0407462701956,792.9044353910016,224.1468076640804,792.4623193998441,136.74366171477445,450.76570499109687
V3_ysweep_Yp10,V,4000,corate,oracle,windows,,0,True,0.9959169865394486,1.210398795698136,4.413534430703123,1.205992425685328,4.871281811056756,0.23678884432246708,1.8164763602240486,True,197.8234114754942,220.30345463635558,792.9043814747577,224.15098216037367,792.4623187586332,136.47355588257815,450.81090684820225
V3_ysweep_Yp10,V,4000,corate,fp,full,,,True,88.25035824726707,30.094471909813766,105.35042189862278,33.881016565162525,120.35451341479816,145.98211078516968,519.6443066447171,True,236.04737540661785,219.6807010306819,816.513267284749,232.3326091800984,789.3793555466992,254.78822307024745,898.3659979865548
V3_ysweep_Yp10,V,4000,corate,fp,windows,,0,True,87.5618390393751,29.61978302581103,105.35073974171304,33.35837594940165,120.38051762522156,144.95210993771204,519.5439705703359,True,235.08597853515582,219.82489411004434,816.5144140247323,231.86767206908513,789.3792801316549,252.40968779004152,901.7618956498193
V3_ysweep_Yp10,V,4000,controller20k_zoh,oracle,full,,,True,20.44802175670263,24.857395343402594,89.82689454209401,24.819822897285995,99.00588335711257,4.522285857494356,17.205586991038672,True,214.22592306959922,241.66481887922518,866.561526388538,244.84796680602548,859.2866114518417,139.01736154917182,454.4594816926224
V3_ysweep_Yp10,V,4000,controller20k_zoh,oracle,windows,,0,True,20.85313437181713,24.614368014171934,89.82689804620532,24.57129582734133,99.00339352556239,9.743918514405477,211.08150557230687,True,214.05024201738803,241.5310427422598,866.5656905037547,244.50874475858203,859.2866327946249,139.03505835409197,566.5611930723069
V3_ysweep_Yp10,V,4000,controller20k_zoh,fp,full,,,True,91.3236974367566,36.0662828021653,131.37024028385167,42.236533853023026,176.04345816013154,148.1058796722053,521.9724596663225,True,250.31292272390326,240.59539429554488,889.9477390628879,253.01196969086433,859.2427683315093,257.0378907567306,900.9613203492212
V3_ysweep_Yp10,V,4000,controller20k_zoh,fp,windows,,0,True,90.72003656224707,35.47827105349478,131.37055473217907,41.54831554473279,176.0220553246627,147.32754277465108,522.0962733278827,True,249.22138699839718,240.35223860920726,889.9498619223374,252.2337572645256,859.2427225417466,254.83883594141952,904.0953016370526
V3_ysweep_Yp10,V,2000,corate,oracle,full,,,True,4.962715089753607,6.043722456329375,21.722428178048954,6.039814476007328,25.026514337451083,0.9379142564631487,3.7492562979717805,True,194.4742385708142,215.94609165629632,768.8580710050953,220.0594664787898,764.5791691600273,135.65325323977578,439.8932400991666
V3_ysweep_Yp10,V,2000,corate,oracle,windows,,0,True,4.901854414735543,5.949850088474002,21.722331654405863,5.9514887483379955,25.02972578312228,1.1240977327969028,7.673492336796039,True,194.54898203684212,216.26392153771138,768.86717071944,220.08558484071241,764.5791067186622,135.4258868206768,440.5965444129211
V3_ysweep_Yp10,V,2000,corate,fp,full,,,True,99.90559027833264,39.463068855760696,137.0592651830226,43.13732680080966,148.84589704263124,162.86564444213477,577.2750718170712,True,244.71797811047756,218.03725669820048,787.4283858507162,233.60638473350255,811.1162963337865,278.4752738300231,979.2581599424698
V3_ysweep_Yp10,V,2000,corate,fp,windows,,0,True,98.87751435627565,38.66386407106803,137.05917071000806,42.27686738066511,151.78435812611667,161.3941158636154,573.7334241577443,True,243.45196915851676,218.12463386041674,787.4302661774796,232.9810886427198,811.0879921628772,275.5867201074654,974.2927817648415
V3_ysweep_Yp10,V,2000,controller20k_zoh,oracle,full,,,True,53.2155747762974,64.64914372640145,234.12879913944795,64.7205141034994,266.5720151236791,11.28873181260657,43.105366104055975,True,236.39375956648496,270.7452846373407,981.7688905434961,272.65237900579285,934.8450924814936,141.43443624188117,461.83562787049004
V3_ysweep_Yp10,V,2000,controller20k_zoh,oracle,windows,,0,True,54.056204391824444,63.86566441228886,234.13031599878678,63.87802106997999,266.72150763440663,24.63726918942503,345.4951098002689,True,235.97527788368336,269.9599078021686,981.7809780854129,271.7351589137072,934.8534607468879,142.59960345818422,613.953050556634
V3_ysweep_Yp10,V,2000,controller20k_zoh,fp,full,,,True,114.14173979113386,71.37191361155398,249.34091697275494,80.14421856521365,324.90078500878974,166.0360336361874,572.9199839683592,True,280.2682852047829,271.3487153970347,974.6292090415798,286.6483503449398,1006.3984511873092,282.5836742839047,971.9812350423505
V3_ysweep_Yp10,V,2000,controller20k_zoh,fp,windows,,0,True,113.38547679173683,70.21314537239661,248.38447640277673,78.67758868392646,324.8325016188388,165.67664379044595,572.9193761742558,True,278.6451619379568,270.4053799711279,974.6252205274686,285.0716369041824,1006.3503530055848,280.2578654199216,972.5014935653307
V3_ysweep_Yp10,V,1000,corate,oracle,full,0.397,,False,,,,,,,,False,,,,,,,
V3_ysweep_Yp10,V,1000,corate,oracle,windows,,0,True,101.89897677613635,38.58377349105599,177.1441214725325,39.08185461408739,217.107394648502,167.73224337373225,1341.113820112881,True,198.11966770520382,188.01679703116918,697.6823991031506,193.2377029161726,643.2155851636593,212.28066892838422,1591.3863184344143
V3_ysweep_Yp10,V,1000,corate,fp,full,,,True,135.95413522053474,80.53985714548557,267.7922586317066,85.57063945252058,341.8334357979298,204.06268087370074,684.6534336393731,True,257.8718715657625,202.95242856885827,714.2141922919074,225.61963194076614,846.8823759843971,327.71908680362674,1104.1592175081673
V3_ysweep_Yp10,V,1000,corate,fp,windows,,0,True,133.2480233890005,77.47907616714451,266.19190035024377,82.23507273218418,342.11553498266255,201.24485777342258,791.7511729343423,True,255.6809722267974,203.4660308108392,715.3302256569314,224.4187545587481,849.0236848129592,323.0419099511765,1201.184427939225
V3_ysweep_Yp10,V,1000,controller20k_zoh,oracle,full,,,True,160.01275735025732,192.34380355196527,699.1060583862427,196.62756090068208,892.6934918513805,33.96632264329758,132.3684028563321,True,295.50333435261217,344.6420873140975,1304.8879011683905,348.4227428913087,1452.2042874446422,147.61465282421838,502.2005494357374
V3_ysweep_Yp10,V,1000,controller20k_zoh,oracle,windows,,0,True,164.96140254813884,188.20323461041684,702.6459450562913,192.0271881309034,892.5811596787332,96.6534763609798,816.5168968610336,True,297.25416836415536,341.4779198175962,1304.9857294801682,344.6173806577219,1452.091955271995,172.37114913829205,1088.9902011803779
V3_ysweep_Yp10,V,1000,controller20k_zoh,fp,full,,,True,223.8121128382175,215.45445710384757,775.1329263018712,238.3281832307309,996.1387358489642,216.92081401134934,750.843805361833,True,367.32393327712185,364.66249210016076,1455.3971468891887,392.9530787591973,1600.3409856977712,342.6218916290867,1165.5257908354658
V3_ysweep_Yp10,V,1000,controller20k_zoh,fp,windows,,0,True,220.83797004041344,210.07312618978054,755.3035859320479,231.91257828235948,987.7776338617264,219.98651031822996,890.9765712915669,True,363.3777701408281,360.55408061128946,1456.3329529974776,386.9109146255551,1596.2495119134842,341.21973945791274,1173.3087414779297
V4_lissajous_Ym10,V,4000,corate,oracle,full,,,True,1.0541332987457068,1.3604764116706685,5.493042211761784,1.198097918575749,4.912669677356981,0.21738524643056453,1.771220871572533,True,212.86625887271828,245.1671831873571,955.47073262004,238.70955830031173,956.7751152759699,137.28412713583555,488.629200488991
V4_lissajous_Ym10,V,4000,corate,oracle,windows,,0,True,1.0405422021531068,1.3410391158887316,5.493042153913542,1.179630668689833,4.9126728655436835,0.24139138039221422,1.6529565425914132,True,213.1074779282676,245.84449722377113,955.4707330036684,238.81090008216273,956.7744789333743,137.01908127549126,488.62919972006966
V4_lissajous_Ym10,V,4000,corate,fp,full,,,True,87.72479392898582,30.425845309643492,112.1775352120327,28.57977698671071,100.82891277238417,146.09716867288228,498.80653806078084,True,247.90796609361945,244.86758306584764,936.7718628108902,243.1675283027697,995.8477530191202,255.50831473875238,872.6001346026583
V4_lissajous_Ym10,V,4000,corate,fp,windows,,0,True,87.18756653857996,30.069493552158907,113.97213657043214,28.202114482316865,103.58091529634393,145.27725759044628,498.80755394766044,True,247.2837774166742,245.5664099522945,936.7717820805063,242.9704325358695,965.2825552947953,253.2001321817427,872.6011266048332
V4_lissajous_Ym10,V,4000,controller20k_zoh,oracle,full,,,True,21.376455251056814,27.4880236954353,111.02843072824396,24.380884897425,98.77116026882982,4.5650325561810146,30.20850808940665,True,229.0761804350536,267.19227288973207,1013.3533499407392,257.99473956562514,1038.7468957192166,139.55175739711714,498.7510954236124
V4_lissajous_Ym10,V,4000,controller20k_zoh,oracle,windows,,0,True,49.696271705900664,60.06317500053363,940.9966927721721,54.53173643663423,839.0104564343412,28.772608405581064,526.4196152172716,True,233.56712718108415,273.6280001995048,1430.9753236403662,261.796608949594,1256.558761632636,142.30622526153564,871.7367905102403
V4_lissajous_Ym10,V,4000,controller20k_zoh,fp,full,,,True,91.06792887859606,37.81922001687316,155.88859209083512,37.48958968926568,145.21322099576912,148.47336553387913,512.5484808930028,True,262.00774941574474,265.73752449064403,991.8636042867392,262.29577637319346,1080.3830883099604,257.9315336209968,883.1679045965442
V4_lissajous_Ym10,V,4000,controller20k_zoh,fp,windows,,0,True,101.04777701372643,65.66909939433923,941.0629886135623,61.01858299628792,838.8787016009903,150.32052964285617,525.1437935554726,True,265.23087993127234,272.3259824834431,1431.444084676223,265.7292905025871,1256.2064393840333,257.4271983314333,883.1693164446694
V4_lissajous_Ym10,V,2000,corate,oracle,full,,,True,5.255956316030489,6.830867545340531,27.70729396708853,5.937607720647846,23.306713514782015,0.9794353076027468,9.906001593931013,True,209.80145008341924,241.35694553365627,934.4172113991526,235.03823577088724,942.3320690202733,136.2123266804032,482.7864135270358
V4_lissajous_Ym10,V,2000,corate,oracle,windows,,0,True,5.170823232762263,6.706386085068537,27.70667696433318,5.824536804242282,23.30657939221688,1.1451617385540533,8.02557554831024,True,210.09948898120325,242.04998276704544,934.4173914381959,235.26412344710224,949.3722271187684,135.97052574594198,482.7622994206938
V4_lissajous_Ym10,V,2000,corate,fp,full,,,True,99.34522127579821,40.93464249756669,144.6596375724165,37.11608735935566,128.22705390176256,162.95757139127048,554.0897768236271,True,255.50651563171678,242.38240732925865,918.8230866768611,243.2587760787589,1004.7023767742587,279.15349732489426,950.7350698347473
V4_lissajous_Ym10,V,2000,corate,fp,windows,,0,True,98.37321555734513,40.0801898437608,145.33155986210562,36.318893316589524,132.423798523588,161.57470404621498,554.0910226302058,True,254.54581646296467,242.8507370206672,918.8230067923322,243.0499946693821,959.9997843156416,276.28054158069824,950.7362557719896
V4_lissajous_Ym10,V,2000,controller20k_zoh,oracle,full,,,True,56.215827079895874,72.71799707189716,294.91542612209025,63.72553492463085,250.93884636402834,11.480711792022442,68.3270510092618,True,251.99503361680104,298.9299048032183,1090.9091913254908,284.57199458850323,1160.218889706475,142.00064370578488,507.68922419658156
V4_lissajous_Ym10,V,2000,controller20k_zoh,oracle,windows,,0,True,118.78281650039266,142.2903349652119,1560.7939238640436,129.85373666621504,1439.8363495541573,72.24638493798136,839.9020177821808,True,273.18366986029906,322.69252261824664,1886.4841068583744,307.68286434919327,1761.4168532775104,158.3942652597333,1059.1807824442592
V4_lissajous_Ym10,V,2000,controller20k_zoh,fp,full,,,True,114.60965794607714,77.59804878352273,352.2048095566071,74.76482563482922,292.2877456333938,166.71797970325244,578.9790542138962,True,290.95445257509175,296.6450789972269,1102.5409661772067,292.38672156947507,1232.3870513601878,283.6814808484996,960.8727149447052
V4_lissajous_Ym10,V,2000,controller20k_zoh,fp,windows,,0,True,153.7588246263118,145.5261990089223,1563.5699147762357,134.80659895634025,1436.6490883161125,177.69252863087516,879.3115751879137,True,308.0647977536466,320.98350717331357,1891.4583081805145,314.34304267242356,1756.735655442702,287.87114911214604,1059.1807824442592
V4_lissajous_Ym10,V,1000,corate,oracle,full,0.359,,False,,,,,,,,False,,,,,,,
V4_lissajous_Ym10,V,1000,corate,oracle,windows,,0,True,100.98940704153976,45.415179354812906,217.99860129269155,38.4890262633852,162.63256285013338,164.47685960423743,1350.3836391503314,True,211.95254280863483,215.48385769431073,802.9296061076511,210.55202429394964,800.1853312211384,209.77653192870895,1503.518209529571
V4_lissajous_Ym10,V,1000,corate,fp,full,,,True,136.38275006034283,91.09784273730432,367.0894556774988,77.92335074904052,292.96840574057137,203.543356557558,678.594080454125,True,265.87168779981783,226.29389658811442,835.4374194982499,231.5958867628555,1038.5352092358676,327.4411103115579,1106.0662529978415
V4_lissajous_Ym10,V,1000,corate,fp,windows,,0,True,133.613464868271,87.51303654618786,367.808325216826,74.54928413596407,273.365609759269,200.85205164895618,714.42795219418,True,264.11354325813966,226.59576366563346,860.3619659438173,231.38323331605255,1038.53496368781,323.08520613934826,1109.5421019526852
V4_lissajous_Ym10,V,1000,controller20k_zoh,oracle,full,,,True,175.08190631357306,229.55896502161852,967.9640387435628,194.8863749406522,766.4792729709781,35.8190479476975,166.52335286092142,True,319.53135464330313,394.9789156972077,1554.5278054520654,358.07344333164866,1414.3663786755333,148.5796928783579,528.9372037905486
V4_lissajous_Ym10,V,1000,controller20k_zoh,oracle,windows,,0,True,345.60280093990167,385.63720149942316,3596.8339789341762,347.2576316194365,3191.2260089904794,298.3621526840617,1978.5550863798599,True,436.49153364829743,502.32358566962756,3837.3672718420917,457.4941572592702,3292.7476080054594,331.5790828649557,2233.8791140552867
V4_lissajous_Ym10,V,1000,controller20k_zoh,fp,full,,,True,226.71065013461603,241.18726413609647,1136.4450871992567,221.69543852942502,944.0874640654816,216.50171548320742,726.6106849434823,True,375.74518411852733,399.89956782266466,1750.2954839440474,383.0010684280856,1627.9099143218293,341.9705358696704,1149.739578638574
V4_lissajous_Ym10,V,1000,controller20k_zoh,fp,windows,,0,True,346.9487307075433,395.56111378165605,3596.8339789341762,360.70079266078585,3191.2260089904794,273.03224838180245,1978.5550863798599,True,457.3007274570334,508.1469122183276,3837.3672718420917,475.3370611471807,3292.7476080054594,378.43527835171227,2233.8791140552867
