record,split,rate_hz,protocol,horizon,domain,oracle_rms,fp_rms,floor_over_target,oracle_finite,fp_finite
E1_resonance_sweep,E,4000,open_loop,full,time,4.3475597352564124e-07,6.401949494454302e-06,0.06790993491939436,True,True
E1_resonance_sweep,E,4000,open_loop,full,band,1.260806648031832e-08,6.08678767052001e-06,0.0020713826673111435,True,True
E1_resonance_sweep,E,4000,open_loop,windows,time,3.3825459198081226e-08,0.00030796900556920716,0.00010983397220627103,True,True
E1_resonance_sweep,E,4000,open_loop,windows,band,1.156042515507713e-08,5.456415381387881e-06,0.0021186849510230372,True,True
E1_resonance_sweep,E,2000,open_loop,full,time,1.7683576398106036e-06,6.403465494347144e-06,0.27615634711730325,True,True
E1_resonance_sweep,E,2000,open_loop,full,band,4.4537921064355336e-08,6.007157928292971e-06,0.007414141861426223,True,True
E1_resonance_sweep,E,2000,open_loop,windows,time,1.261492787884756e-07,0.00035092416198171045,0.00035947732432014835,True,True
E1_resonance_sweep,E,2000,open_loop,windows,band,4.1495701362565515e-08,5.606022241601862e-06,0.007401986573408342,True,True
E1_resonance_sweep,E,1000,open_loop,full,time,6.757092239907642e-06,8.552069673028212e-06,0.7901119259140713,True,True
E1_resonance_sweep,E,1000,open_loop,full,band,3.816584147067011e-07,5.686047144785694e-06,0.06712192231059767,True,True
E1_resonance_sweep,E,1000,open_loop,windows,time,6.007701334528186e-07,0.0003555732371382601,0.001689581978351247,True,True
E1_resonance_sweep,E,1000,open_loop,windows,band,3.524835301359575e-07,5.486933050581124e-06,0.06424053781713734,True,True
E2_multisine_Yp22,E,4000,open_loop,full,time,1.3771632716267156e-06,1.35236939372615e-05,0.10183336579603089,True,True
E2_multisine_Yp22,E,4000,open_loop,full,band,3.8890616779871385e-08,6.8016710923119e-06,0.005717803206307701,True,True
E2_multisine_Yp22,E,4000,open_loop,windows,time,5.919844497751138e-08,0.00042681137897218694,0.00013869931284416162,True,True
E2_multisine_Yp22,E,4000,open_loop,windows,band,3.4519624234157117e-08,6.2291346675900015e-06,0.0055416403844600875,True,True
E2_multisine_Yp22,E,2000,open_loop,full,time,5.598663671852918e-06,9.908963822191007e-06,0.5650100022885114,True,True
E2_multisine_Yp22,E,2000,open_loop,full,band,1.583521316822135e-07,6.708622233420154e-06,0.02360427017239921,True,True
E2_multisine_Yp22,E,2000,open_loop,windows,time,2.5145897166054205e-07,0.00039211228704469434,0.0006412932722811613,True,True
E2_multisine_Yp22,E,2000,open_loop,windows,band,1.48274900579376e-07,6.196134410069506e-06,0.023930226616519234,True,True
E2_multisine_Yp22,E,1000,open_loop,full,time,2.127295570627247e-05,1.2253257254347864e-05,1.7361061850492137,True,True
E2_multisine_Yp22,E,1000,open_loop,full,band,7.538288522862167e-07,6.352857115872281e-06,0.11865981534557338,True,True
E2_multisine_Yp22,E,1000,open_loop,windows,time,1.0865948313960935e-06,0.0004582382914396535,0.002371244070377278,True,True
E2_multisine_Yp22,E,1000,open_loop,windows,band,7.136284989829667e-07,6.01226819343498e-06,0.11869538683623665,True,True
E3_aprbs_above,E,4000,open_loop,full,time,2.8638928906890974e-06,0.008374305574918592,0.000341985716316178,True,True
E3_aprbs_above,E,4000,open_loop,full,band,5.085519846210696e-08,8.592399241826973e-06,0.005918626105564177,True,True
E3_aprbs_above,E,4000,open_loop,windows,time,1.1596167958244655e-07,0.0006563108999504554,0.00017668711519372974,True,True
E3_aprbs_above,E,4000,open_loop,windows,band,4.561784787075186e-08,7.770333704113965e-06,0.005870770755521055,True,True
E3_aprbs_above,E,2000,open_loop,full,time,1.1638271724225603e-05,0.008366052673868071,0.0013911305818786594,True,True
E3_aprbs_above,E,2000,open_loop,full,band,2.077695728497784e-07,8.479975404018748e-06,0.024501199938777446,True,True
E3_aprbs_above,E,2000,open_loop,windows,time,4.88071176132121e-07,0.0006272490222734216,0.0007781138890629756,True,True
E3_aprbs_above,E,2000,open_loop,windows,band,1.9365266699116812e-07,7.954186564845514e-06,0.02434600513986426,True,True
E3_aprbs_above,E,1000,open_loop,full,time,4.4207884018118675e-05,0.008335442171170443,0.005303603949292484,True,True
E3_aprbs_above,E,1000,open_loop,full,band,9.823879367409903e-07,8.0465490465663e-06,0.12208810647344583,True,True
E3_aprbs_above,E,1000,open_loop,windows,time,2.0219730189737745e-06,0.0006254749744932524,0.00323270011020335,True,True
E3_aprbs_above,E,1000,open_loop,windows,band,9.355923712914304e-07,7.695171587014483e-06,0.12158174261769969,True,True
E4_multisine_off,E,4000,open_loop,full,time,7.464667966586771e-08,0.007767518310462025,9.610106688171758e-06,True,True
E4_multisine_off,E,4000,open_loop,full,band,4.513453727253746e-10,3.2856375067976224e-08,0.013736919297749393,True,True
E4_multisine_off,E,4000,open_loop,windows,time,7.972775592985567e-08,0.00030000990132802877,0.00026575041549272696,True,True
E4_multisine_off,E,4000,open_loop,windows,band,4.3557866205917384e-10,4.8887102499762024e-08,0.008909889107485847,True,True
E4_multisine_off,E,2000,open_loop,full,time,3.139172581377751e-07,0.007767165923252743,4.041593307515085e-05,True,True
E4_multisine_off,E,2000,open_loop,full,band,8.722403738954159e-10,3.232162951213455e-08,0.026986274734940252,True,True
E4_multisine_off,E,2000,open_loop,windows,time,3.245040051314989e-07,0.00030025894098110626,0.001080747184650592,True,True
E4_multisine_off,E,2000,open_loop,windows,band,8.518644671597195e-10,5.1956219514137775e-08,0.016395813150491427,True,True
E4_multisine_off,E,1000,open_loop,full,time,1.2724150749413197e-06,0.007765852121560107,0.00016384745099752172,True,True
E4_multisine_off,E,1000,open_loop,full,band,3.23514788946922e-09,3.023953553707119e-08,0.10698404694421294,True,True
E4_multisine_off,E,1000,open_loop,windows,time,1.2856704831827133e-06,0.0003056527157072228,0.004206311336733632,True,True
E4_multisine_off,E,1000,open_loop,windows,band,3.2433479913557647e-09,5.407095215326323e-08,0.059983186206200835,True,True
T10_aprbs_60,T,4000,open_loop,full,time,2.5386541502574174e-06,0.0028557987465917386,0.0008889471477243211,True,True
T10_aprbs_60,T,4000,open_loop,full,band,5.1774983301982085e-08,8.515948079043926e-06,0.006079767375448206,True,True
T10_aprbs_60,T,4000,open_loop,windows,time,8.754992824668509e-08,0.0005816275923188292,0.00015052574775148062,True,True
T10_aprbs_60,T,4000,open_loop,windows,band,4.595205232411252e-08,7.543664772744976e-06,0.0060914759216416725,True,True
T10_aprbs_60,T,2000,open_loop,full,time,1.0316698379428477e-05,0.0028483344350995563,0.0036220109030377545,True,True
T10_aprbs_60,T,2000,open_loop,full,band,2.1144382011078472e-07,8.403540560721592e-06,0.02516127798550526,True,True
T10_aprbs_60,T,2000,open_loop,windows,time,3.5572163114401275e-07,0.0005917065164794076,0.000601179167774794,True,True
T10_aprbs_60,T,2000,open_loop,windows,band,1.9522386429977326e-07,7.812927247399472e-06,0.02498728813387497,True,True
T10_aprbs_60,T,1000,open_loop,full,time,3.914650558993657e-05,0.002820733636646739,0.013878129108451927,True,True
T10_aprbs_60,T,1000,open_loop,full,band,9.911785174475564e-07,7.980035289697993e-06,0.12420728498871937,True,True
T10_aprbs_60,T,1000,open_loop,windows,time,1.5215335782310536e-06,0.0005360737777121028,0.002838291372364402,True,True
T10_aprbs_60,T,1000,open_loop,windows,band,9.404642025961091e-07,7.688343168251011e-06,0.1223233903605855,True,True
T11_aprbs_100,T,4000,open_loop,full,time,2.73232816729352e-06,0.006380687205809791,0.00042821847853718016,True,True
T11_aprbs_100,T,4000,open_loop,full,band,5.152727413173573e-08,8.542071720548131e-06,0.00603217531032733,True,True
T11_aprbs_100,T,4000,open_loop,windows,time,1.1169022973561835e-07,0.0006533585459498444,0.00017094783626537633,True,True
T11_aprbs_100,T,4000,open_loop,windows,band,4.595232186723461e-08,7.62563066865088e-06,0.006026035598097548,True,True
T11_aprbs_100,T,2000,open_loop,full,time,1.1097491141191177e-05,0.00637262871814012,0.0017414306767317882,True,True
T11_aprbs_100,T,2000,open_loop,full,band,2.1049095113415904e-07,8.429783689039837e-06,0.024969911316684593,True,True
T11_aprbs_100,T,2000,open_loop,windows,time,4.5881001844302685e-07,0.0006319027432508393,0.0007260769530492419,True,True
T11_aprbs_100,T,2000,open_loop,windows,band,1.9663081195910413e-07,7.768612427052785e-06,0.025310930852255283,True,True
T11_aprbs_100,T,1000,open_loop,full,time,4.2138573273900744e-05,0.006342746115083471,0.006643585051227641,True,True
T11_aprbs_100,T,1000,open_loop,full,band,9.90736257663842e-07,8.004307214089146e-06,0.12377539131930775,True,True
T11_aprbs_100,T,1000,open_loop,windows,time,1.8901793356458976e-06,0.0006434109570698743,0.002937748129521867,True,True
T11_aprbs_100,T,1000,open_loop,windows,band,9.404819264834598e-07,7.650388149378434e-06,0.12293257650722866,True,True
T12_aprbs_yaw,T,4000,open_loop,full,time,2.576981750503502e-06,0.0009518087649984259,0.0027074574696817,True,True
T12_aprbs_yaw,T,4000,open_loop,full,band,5.1255044574295054e-08,8.540610949330114e-06,0.006001332326034036,True,True
T12_aprbs_yaw,T,4000,open_loop,windows,time,8.43182781458119e-08,0.0005413481377724951,0.00015575610639903442,True,True
T12_aprbs_yaw,T,4000,open_loop,windows,band,4.612297222033673e-08,7.691361514320686e-06,0.005996724004515914,True,True
T12_aprbs_yaw,T,2000,open_loop,full,time,1.0472473596124234e-05,0.0009584667156750691,0.010926277798544357,True,True
T12_aprbs_yaw,T,2000,open_loop,full,band,2.09292082485391e-07,8.428564549508512e-06,0.02483128428999162,True,True
T12_aprbs_yaw,T,2000,open_loop,windows,time,3.3846262298266003e-07,0.0005522981603710505,0.0006128259104742819,True,True
T12_aprbs_yaw,T,2000,open_loop,windows,band,1.9352678987971575e-07,7.836509282769896e-06,0.024695535077744676,True,True
T12_aprbs_yaw,T,1000,open_loop,full,time,3.979296921893333e-05,0.0009833729989269476,0.04046579401951777,True,True
T12_aprbs_yaw,T,1000,open_loop,full,band,9.849299422247677e-07,8.00133654315908e-06,0.1230956774423962,True,True
T12_aprbs_yaw,T,1000,open_loop,windows,time,1.4662899284540882e-06,0.0005099262934871063,0.002875493864862185,True,True
T12_aprbs_yaw,T,1000,open_loop,windows,band,9.32294672880977e-07,7.682237251500428e-06,0.12135718311731251,True,True
T13_lissajous,T,4000,open_loop,full,time,2.374110668175826e-06,0.00022828538990077155,0.010399748618200125,True,True
T13_lissajous,T,4000,open_loop,full,band,5.1748930757040984e-08,8.441165733770193e-06,0.006130543148798911,True,True
T13_lissajous,T,4000,open_loop,windows,time,7.774600090512006e-08,0.00047679316641948175,0.00016306022481186165,True,True
T13_lissajous,T,4000,open_loop,windows,band,4.63597646738923e-08,7.613591150178634e-06,0.006089079878265408,True,True
T13_lissajous,T,2000,open_loop,full,time,9.647916673813597e-06,0.00023203461308639504,0.04157964428445562,True,True
T13_lissajous,T,2000,open_loop,full,band,2.1125994018693138e-07,8.33877840203284e-06,0.025334638960477725,True,True
T13_lissajous,T,2000,open_loop,windows,time,3.1599358189995703e-07,0.0004958158016970127,0.000637320514631474,True,True
T13_lissajous,T,2000,open_loop,windows,band,1.9631580123921715e-07,7.815668158350824e-06,0.025118236504125268,True,True
T13_lissajous,T,1000,open_loop,full,time,3.6637699238321665e-05,0.000247367222550047,0.14811056558194235,True,True
T13_lissajous,T,1000,open_loop,full,band,9.895145694356752e-07,7.941885977675753e-06,0.1245944064441559,True,True
T13_lissajous,T,1000,open_loop,windows,time,1.3797806668557767e-06,0.0005114391465247537,0.0026978393739146346,True,True
T13_lissajous,T,1000,open_loop,windows,band,9.396528336220163e-07,7.655349507332317e-06,0.12274460267581695,True,True
T14_lissajous_yaw,T,4000,open_loop,full,time,2.1468373055351017e-06,0.00011781390727647645,0.018222274052052886,True,True
T14_lissajous_yaw,T,4000,open_loop,full,band,5.1036572288138306e-08,8.468912144763017e-06,0.006026343338524082,True,True
T14_lissajous_yaw,T,4000,open_loop,windows,time,7.605403540832522e-08,0.00045127342578553495,0.00016853204966797548,True,True
T14_lissajous_yaw,T,4000,open_loop,windows,band,4.6513886782839535e-08,7.678682078300197e-06,0.006057535174465271,True,True
T14_lissajous_yaw,T,2000,open_loop,full,time,8.714008452324323e-06,0.00011919633252895685,0.07310634704475823,True,True
T14_lissajous_yaw,T,2000,open_loop,full,band,2.0817204822537957e-07,8.358749799371183e-06,0.024904687091009715,True,True
T14_lissajous_yaw,T,2000,open_loop,windows,time,3.0510258598130483e-07,0.000535722118450437,0.0005695165002031398,True,True
T14_lissajous_yaw,T,2000,open_loop,windows,band,1.9421315984429556e-07,7.927976440496554e-06,0.024497191849895482,True,True
T14_lissajous_yaw,T,1000,open_loop,full,time,3.308275808164128e-05,0.00012729412362937675,0.2598922647675661,True,True
T14_lissajous_yaw,T,1000,open_loop,full,band,9.774576293863905e-07,7.942758786233283e-06,0.12306273622214996,True,True
T14_lissajous_yaw,T,1000,open_loop,windows,time,1.3999179579928068e-06,0.00044395631227586485,0.003153278643153807,True,True
T14_lissajous_yaw,T,1000,open_loop,windows,band,9.26706661216247e-07,7.632124072344256e-06,0.12142185483779787,True,True
T1_standstill_Ym30,T,4000,open_loop,full,time,2.396995834153158e-06,2.1320153589396873e-05,0.11242863819448529,True,True
T1_standstill_Ym30,T,4000,open_loop,full,band,4.9478076465148844e-08,8.466449110402686e-06,0.005844017464695484,True,True
T1_standstill_Ym30,T,4000,open_loop,windows,time,7.599522117983851e-08,0.00048271055757497655,0.00015743434649869787,True,True
T1_standstill_Ym30,T,4000,open_loop,windows,band,4.441246602805798e-08,7.565174079147316e-06,0.0058706469360006825,True,True
T1_standstill_Ym30,T,2000,open_loop,full,time,9.735265087893128e-06,2.7644944529544494e-05,0.3521535403150811,True,True
T1_standstill_Ym30,T,2000,open_loop,full,band,2.016558961037573e-07,8.365890335054933e-06,0.02410453496608418,True,True
T1_standstill_Ym30,T,2000,open_loop,windows,time,3.054537831019424e-07,0.00048429485020693954,0.0006307186272400414,True,True
T1_standstill_Ym30,T,2000,open_loop,windows,band,1.877059277310705e-07,7.78659183432207e-06,0.02410630115523615,True,True
T1_standstill_Ym30,T,1000,open_loop,full,time,3.6995553133353256e-05,5.233699446648078e-05,0.7068719461345273,True,True
T1_standstill_Ym30,T,1000,open_loop,full,band,9.54772436094135e-07,7.970050760601353e-06,0.11979502574988567,True,True
T1_standstill_Ym30,T,1000,open_loop,windows,time,1.347072014425834e-06,0.00047899342070663396,0.0028122975310152887,True,True
T1_standstill_Ym30,T,1000,open_loop,windows,band,9.051190214559472e-07,7.61671768418156e-06,0.11883321123161794,True,True
T2_standstill_Ym15,T,4000,open_loop,full,time,2.5820244885241486e-06,1.4509726269844758e-05,0.1779512887083413,True,True
T2_standstill_Ym15,T,4000,open_loop,full,band,5.251333657975052e-08,8.48721035041961e-06,0.006187349483703352,True,True
T2_standstill_Ym15,T,4000,open_loop,windows,time,7.822420142664085e-08,0.0004499947744247595,0.00017383357734906358,True,True
T2_standstill_Ym15,T,4000,open_loop,windows,band,4.68459098489285e-08,7.645354572690572e-06,0.006127369163003041,True,True
T2_standstill_Ym15,T,2000,open_loop,full,time,1.0498124378008408e-05,2.0977865093585007e-05,0.5004381680964626,True,True
T2_standstill_Ym15,T,2000,open_loop,full,band,2.1449123112215814e-07,8.3856718219607e-06,0.02557830018585282,True,True
T2_standstill_Ym15,T,2000,open_loop,windows,time,3.2117386841551547e-07,0.00045148762183170633,0.0007113680483918875,True,True
T2_standstill_Ym15,T,2000,open_loop,windows,band,1.9868814418381007e-07,7.87873733382112e-06,0.02521827239130055,True,True
T2_standstill_Ym15,T,1000,open_loop,full,time,3.986051998778548e-05,4.813725187296881e-05,0.8280597341322037,True,True
T2_standstill_Ym15,T,1000,open_loop,full,band,1.0021132349950401e-06,7.986961152672257e-06,0.12546865019617073,True,True
T2_standstill_Ym15,T,1000,open_loop,windows,time,1.4177511401767836e-06,0.0004929566120819075,0.0028760160740905452,True,True
T2_standstill_Ym15,T,1000,open_loop,windows,band,9.474123965706988e-07,7.614303358116281e-06,0.1244253547582692,True,True
T3_standstill_Y000,T,4000,open_loop,full,time,2.7011981117570104e-06,9.488952549276601e-06,0.28466768041357093,True,True
T3_standstill_Y000,T,4000,open_loop,full,band,5.3252509039857313e-08,8.49067017171465e-06,0.006271885253211199,True,True
T3_standstill_Y000,T,4000,open_loop,windows,time,7.903948405776527e-08,0.0004904945603747398,0.0001611424273439012,True,True
T3_standstill_Y000,T,4000,open_loop,windows,band,4.7648438620874527e-08,7.570715356936158e-06,0.006293782869173631,True,True
T3_standstill_Y000,T,2000,open_loop,full,time,1.0975948664674384e-05,1.0772545836191234e-05,1.0188815932256052,True,True
T3_standstill_Y000,T,2000,open_loop,full,band,2.1758271269270374e-07,8.385985258541538e-06,0.025945992746777734,True,True
T3_standstill_Y000,T,2000,open_loop,windows,time,3.2461621131289077e-07,0.00046993391461386827,0.0006907699172544696,True,True
T3_standstill_Y000,T,2000,open_loop,windows,band,2.0107517969578042e-07,7.817920206239537e-06,0.02571977896823517,True,True
T3_standstill_Y000,T,1000,open_loop,full,time,4.17010131030676e-05,3.8106629947793064e-05,1.094324351436979,True,True
T3_standstill_Y000,T,1000,open_loop,full,band,1.0132943877291795e-06,7.963173544110506e-06,0.12724755803904378,True,True
T3_standstill_Y000,T,1000,open_loop,windows,time,1.385307831545156e-06,0.00047938486342260166,0.0028897613113076912,True,True
T3_standstill_Y000,T,1000,open_loop,windows,band,9.697554118776057e-07,7.609858575569839e-06,0.12743409121831004,True,True
T4_standstill_Yp15,T,4000,open_loop,full,time,2.099319268869022e-06,1.537645915047172e-05,0.13652813357908988,True,True
T4_standstill_Yp15,T,4000,open_loop,full,band,5.027354106378439e-08,8.478175465664809e-06,0.005929759447346167,True,True
T4_standstill_Yp15,T,4000,open_loop,windows,time,7.41601886611576e-08,0.0005316084786095803,0.00013950151595610978,True,True
T4_standstill_Yp15,T,4000,open_loop,windows,band,4.50956378075052e-08,7.677606009177784e-06,0.005873658762066981,True,True
T4_standstill_Yp15,T,2000,open_loop,full,time,8.52426729812778e-06,1.0566359315783158e-05,0.8067364589234562,True,True
T4_standstill_Yp15,T,2000,open_loop,full,band,2.0498948974045607e-07,8.364849246728992e-06,0.024506059068621657,True,True
T4_standstill_Yp15,T,2000,open_loop,windows,time,3.1716731838799783e-07,0.0004917496325918063,0.0006449772350949034,True,True
T4_standstill_Yp15,T,2000,open_loop,windows,band,1.8987204422488772e-07,7.79859381510908e-06,0.024346959044979057,True,True
T4_standstill_Yp15,T,1000,open_loop,full,time,3.235619841171251e-05,2.1547218263517688e-05,1.5016415583674605,True,True
T4_standstill_Yp15,T,1000,open_loop,full,band,9.664506086269469e-07,7.929273125996156e-06,0.12188388434476224,True,True
T4_standstill_Yp15,T,1000,open_loop,windows,time,1.3715793618837223e-06,0.0005307124691024566,0.002584411412460958,True,True
T4_standstill_Yp15,T,1000,open_loop,windows,band,9.173041362244176e-07,7.60320797304219e-06,0.12064698736070303,True,True
T5_standstill_Yp30,T,4000,open_loop,full,time,2.1081286803684056e-06,2.038153137184482e-05,0.10343328192113121,True,True
T5_standstill_Yp30,T,4000,open_loop,full,band,4.665540390365465e-08,8.563265307765548e-06,0.005448319329934279,True,True
T5_standstill_Yp30,T,4000,open_loop,windows,time,7.300425043768882e-08,0.0005058518569467107,0.0001443194275856528,True,True
T5_standstill_Yp30,T,4000,open_loop,windows,band,4.176207422892394e-08,7.722112682905128e-06,0.0054081151031860715,True,True
T5_standstill_Yp30,T,2000,open_loop,full,time,8.560843403476427e-06,1.4387141133864918e-05,0.5950343660232564,True,True
T5_standstill_Yp30,T,2000,open_loop,full,band,1.898792449971107e-07,8.445346755506024e-06,0.022483297666057007,True,True
T5_standstill_Yp30,T,2000,open_loop,windows,time,2.870506805313355e-07,0.000540397539546332,0.0005311842847625044,True,True
T5_standstill_Yp30,T,2000,open_loop,windows,band,1.784157178036072e-07,7.866981780775005e-06,0.02267905567540679,True,True
T5_standstill_Yp30,T,1000,open_loop,full,time,3.2501851073863124e-05,1.7178919932685178e-05,1.8919612642250014,True,True
T5_standstill_Yp30,T,1000,open_loop,full,band,9.153272225263306e-07,7.993593332148302e-06,0.11450760433922821,True,True
T5_standstill_Yp30,T,1000,open_loop,windows,time,1.281698810275116e-06,0.0005389670087696149,0.002378065427791308,True,True
T5_standstill_Yp30,T,1000,open_loop,windows,band,8.71916150839881e-07,7.724028663275323e-06,0.11288359855336823,True,True
T6_ysweep_slow,T,4000,open_loop,full,time,2.1746973887460725e-06,9.68510373605814e-06,0.2245404332273244,True,True
T6_ysweep_slow,T,4000,open_loop,full,band,5.0420132112682394e-08,8.472269828383652e-06,0.005951195268092824,True,True
T6_ysweep_slow,T,4000,open_loop,windows,time,7.584734767072433e-08,0.0005625539386114457,0.00013482680053389845,True,True
T6_ysweep_slow,T,4000,open_loop,windows,band,4.52809548934555e-08,7.571303265904103e-06,0.005980602454186389,True,True
T6_ysweep_slow,T,2000,open_loop,full,time,8.845118471956884e-06,9.91356503705019e-06,0.8922237801335667,True,True
T6_ysweep_slow,T,2000,open_loop,full,band,2.0559028924535635e-07,8.36264987913091e-06,0.024584347332106935,True,True
T6_ysweep_slow,T,2000,open_loop,windows,time,3.137967626089845e-07,0.0004960485314928712,0.0006325928667999577,True,True
T6_ysweep_slow,T,2000,open_loop,windows,band,1.9244566579638184e-07,7.745212956904494e-06,0.02484704641010878,True,True
T6_ysweep_slow,T,1000,open_loop,full,time,3.35940661190191e-05,3.040885445899716e-05,1.1047461904333433,True,True
T6_ysweep_slow,T,1000,open_loop,full,band,9.646230885218108e-07,7.941506022315835e-06,0.12146601486055607,True,True
T6_ysweep_slow,T,1000,open_loop,windows,time,1.3764246291665753e-06,0.0005023067191004591,0.0027402074804643347,True,True
T6_ysweep_slow,T,1000,open_loop,windows,band,9.159431037058121e-07,7.639219673632521e-06,0.11990008702947437,True,True
T7_ysweep_fast,T,4000,open_loop,full,time,2.615610926989179e-06,9.300060367314875e-06,0.2812466611702609,True,True
T7_ysweep_fast,T,4000,open_loop,full,band,5.114293517549198e-08,8.488812409520762e-06,0.00602474559552427,True,True
T7_ysweep_fast,T,4000,open_loop,windows,time,7.741271087382017e-08,0.0005029790507955325,0.00015390841974706704,True,True
T7_ysweep_fast,T,4000,open_loop,windows,band,4.6147672918046256e-08,7.643374164393763e-06,0.006037604849049866,True,True
T7_ysweep_fast,T,2000,open_loop,full,time,1.0628668940128127e-05,1.1413984671614188e-05,0.931197057462405,True,True
T7_ysweep_fast,T,2000,open_loop,full,band,2.08674010301344e-07,8.37878289375481e-06,0.02490505040497956,True,True
T7_ysweep_fast,T,2000,open_loop,windows,time,3.1498915704521076e-07,0.0004746211338973799,0.0006636644147272971,True,True
T7_ysweep_fast,T,2000,open_loop,windows,band,1.9576717858760824e-07,7.804414046844382e-06,0.02508416101613218,True,True
T7_ysweep_fast,T,1000,open_loop,full,time,4.038145514295894e-05,3.800999653500447e-05,1.0623903926371192,True,True
T7_ysweep_fast,T,1000,open_loop,full,band,9.796624011677701e-07,7.956590542042267e-06,0.1231259037387029,True,True
T7_ysweep_fast,T,1000,open_loop,windows,time,1.3620392154541307e-06,0.0005087044611884641,0.002677466622313588,True,True
T7_ysweep_fast,T,1000,open_loop,windows,band,9.324378213610539e-07,7.659326919848606e-06,0.12173887224276939,True,True
T8_ysweep_xmix,T,4000,open_loop,full,time,2.5005136467189923e-06,6.882991211614192e-05,0.03632888042192595,True,True
T8_ysweep_xmix,T,4000,open_loop,full,band,5.0650086540570406e-08,8.518271739512918e-06,0.005946051979725481,True,True
T8_ysweep_xmix,T,4000,open_loop,windows,time,7.639880489264994e-08,0.0005469511358438076,0.00013968122540743217,True,True
T8_ysweep_xmix,T,4000,open_loop,windows,band,4.571093059068116e-08,7.590349232962244e-06,0.006022243402474092,True,True
T8_ysweep_xmix,T,2000,open_loop,full,time,1.016877960116444e-05,6.67930945689389e-05,0.15224297761303718,True,True
T8_ysweep_xmix,T,2000,open_loop,full,band,2.065921511426281e-07,8.406450599211583e-06,0.024575431533732418,True,True
T8_ysweep_xmix,T,2000,open_loop,windows,time,3.1516803804924376e-07,0.0005452088023557656,0.0005780685063914042,True,True
T8_ysweep_xmix,T,2000,open_loop,windows,band,1.9266296938984485e-07,7.792733203155287e-06,0.024723414027806753,True,True
T8_ysweep_xmix,T,1000,open_loop,full,time,3.863718433759758e-05,6.715906307503868e-05,0.5753085669826451,True,True
T8_ysweep_xmix,T,1000,open_loop,full,band,9.731210211646507e-07,7.979003612569246e-06,0.12196021814449397,True,True
T8_ysweep_xmix,T,1000,open_loop,windows,time,1.377910985888699e-06,0.0005032037092470476,0.002738276687090584,True,True
T8_ysweep_xmix,T,1000,open_loop,windows,band,9.23970367210818e-07,7.633188693757423e-06,0.1210464465481457,True,True
T9_aprbs_30,T,4000,open_loop,full,time,2.427888682819877e-06,0.0002721107067032955,0.008922429816285039,True,True
T9_aprbs_30,T,4000,open_loop,full,band,5.074038587312543e-08,8.468136137214216e-06,0.005991919006845067,True,True
T9_aprbs_30,T,4000,open_loop,windows,time,7.990725104102658e-08,0.0005055082241527726,0.00015807309796977178,True,True
T9_aprbs_30,T,4000,open_loop,windows,band,4.526077849061144e-08,7.5078746962141946e-06,0.006028440846706452,True,True
T9_aprbs_30,T,2000,open_loop,full,time,9.864164191024213e-06,0.0002684213174645622,0.036748810728590924,True,True
T9_aprbs_30,T,2000,open_loop,full,band,2.0693561848630087e-07,8.359394798023201e-06,0.024754856480188762,True,True
T9_aprbs_30,T,2000,open_loop,windows,time,3.187045602164118e-07,0.0004275298597416942,0.0007454556750935885,True,True
T9_aprbs_30,T,2000,open_loop,windows,band,1.926938029750762e-07,7.781840791175415e-06,0.02476198217696646,True,True
T9_aprbs_30,T,1000,open_loop,full,time,3.744497003358051e-05,0.0002562553495192979,0.14612366182334324,True,True
T9_aprbs_30,T,1000,open_loop,full,band,9.73752680359841e-07,7.939796212149099e-06,0.12264202434690337,True,True
T9_aprbs_30,T,1000,open_loop,windows,time,1.3746362532838827e-06,0.0005149681367370808,0.0026693617628340935,True,True
T9_aprbs_30,T,1000,open_loop,windows,band,9.287389507013476e-07,7.667519386768994e-06,0.12112639092950604,True,True
V1_standstill_Yp10,V,4000,open_loop,full,time,2.532992050168515e-06,1.4336879202929859e-05,0.1766766682145775,True,True
V1_standstill_Yp10,V,4000,open_loop,full,band,5.156527115721872e-08,8.482555187564351e-06,0.0060789785644795764,True,True
V1_standstill_Yp10,V,4000,open_loop,windows,time,7.631962820038262e-08,0.0005291652437300259,0.00014422645686707275,True,True
V1_standstill_Yp10,V,4000,open_loop,windows,band,4.587105288964662e-08,7.66714043042963e-06,0.0059828111022450945,True,True
V1_standstill_Yp10,V,2000,open_loop,full,time,1.0298491373006124e-05,9.456686501271205e-06,1.0890168952541421,True,True
V1_standstill_Yp10,V,2000,open_loop,full,band,2.1034335484560692e-07,8.367961776126368e-06,0.025136749004484274,True,True
V1_standstill_Yp10,V,2000,open_loop,windows,time,3.1845934433302504e-07,0.0005077157397238828,0.0006272394558936004,True,True
V1_standstill_Yp10,V,2000,open_loop,windows,band,1.9576991596559323e-07,7.82590681165929e-06,0.02501562064014471,True,True
V1_standstill_Yp10,V,1000,open_loop,full,time,3.9102913155918684e-05,2.8603052526272432e-05,1.3670888140348634,True,True
V1_standstill_Yp10,V,1000,open_loop,full,band,9.848329859067301e-07,7.935875684828867e-06,0.12409884239863411,True,True
V1_standstill_Yp10,V,1000,open_loop,windows,time,1.376809316794218e-06,0.0004964329198861583,0.002773404545995755,True,True
V1_standstill_Yp10,V,1000,open_loop,windows,band,9.38207064632148e-07,7.604124453117567e-06,0.12338134001048581,True,True
V2_aprbs_Ylow,V,4000,open_loop,full,time,2.450717481426094e-06,0.000860080466450685,0.0028494048836378407,True,True
V2_aprbs_Ylow,V,4000,open_loop,full,band,5.0789985620507107e-08,8.45468735248076e-06,0.006007316829475,True,True
V2_aprbs_Ylow,V,4000,open_loop,windows,time,8.849498066113335e-08,0.0005989531320890262,0.00014774942465444821,True,True
V2_aprbs_Ylow,V,4000,open_loop,windows,band,4.537196222799857e-08,7.596288743703841e-06,0.0059729117413559315,True,True
V2_aprbs_Ylow,V,2000,open_loop,full,time,9.944471723544632e-06,0.0008586931586063188,0.011580937409219338,True,True
V2_aprbs_Ylow,V,2000,open_loop,full,band,2.0703010363927935e-07,8.348985818184845e-06,0.024797036208679273,True,True
V2_aprbs_Ylow,V,2000,open_loop,windows,time,3.691439384414569e-07,0.0005275038094527055,0.0006997938817246652,True,True
V2_aprbs_Ylow,V,2000,open_loop,windows,band,1.9261090973270263e-07,7.745882397991165e-06,0.024866232126459185,True,True
V2_aprbs_Ylow,V,1000,open_loop,full,time,3.775731922203644e-05,0.0008540618412559509,0.04420911624679538,True,True
V2_aprbs_Ylow,V,1000,open_loop,full,band,9.701079812476486e-07,7.953732677503988e-06,0.12196889442757641,True,True
V2_aprbs_Ylow,V,1000,open_loop,windows,time,1.587026971938411e-06,0.0005480240094773703,0.0028959077421660748,True,True
V2_aprbs_Ylow,V,1000,open_loop,windows,band,9.178317332178077e-07,7.650457796456232e-06,0.11997082496722698,True,True
V3_ysweep_Yp10,V,4000,open_loop,full,time,2.318055774457972e-06,1.3918591836468059e-05,0.16654384306208628,True,True
V3_ysweep_Yp10,V,4000,open_loop,full,band,5.1086314515026796e-08,8.458247877948052e-06,0.006039822342901139,True,True
V3_ysweep_Yp10,V,4000,open_loop,windows,time,7.63573629450606e-08,0.0004577155254441351,0.0001668227505959488,True,True
V3_ysweep_Yp10,V,4000,open_loop,windows,band,4.6022322878570965e-08,7.583405253199908e-06,0.006068820185912035,True,True
V3_ysweep_Yp10,V,2000,open_loop,full,time,9.417804045985425e-06,9.542160112950826e-06,0.986967723713143,True,True
V3_ysweep_Yp10,V,2000,open_loop,full,band,2.0833067452907692e-07,8.349318108994135e-06,0.02495181903593503,True,True
V3_ysweep_Yp10,V,2000,open_loop,windows,time,3.081065161695325e-07,0.00044914344865039336,0.0006859868870298453,True,True
V3_ysweep_Yp10,V,2000,open_loop,windows,band,1.9552385481457605e-07,7.78880584017065e-06,0.02510318768073081,True,True
V3_ysweep_Yp10,V,1000,open_loop,full,time,3.5823829594318594e-05,2.6129857269367513e-05,1.3709921652084756,True,True
V3_ysweep_Yp10,V,1000,open_loop,full,band,9.774042836374636e-07,7.922896114485967e-06,0.12336452094208446,True,True
V3_ysweep_Yp10,V,1000,open_loop,windows,time,1.3511225479887136e-06,0.0005136761095275893,0.0026303005394416644,True,True
V3_ysweep_Yp10,V,1000,open_loop,windows,band,9.349894737880106e-07,7.631502363803978e-06,0.12251709155233208,True,True
V4_lissajous_Ym10,V,4000,open_loop,full,time,2.3786770808211227e-06,0.00016102405157003146,0.01477218500980647,True,True
V4_lissajous_Ym10,V,4000,open_loop,full,band,5.2216938450255435e-08,8.444749519822197e-06,0.006183361428031421,True,True
V4_lissajous_Ym10,V,4000,open_loop,windows,time,7.88464203808731e-08,0.0005037453593294297,0.00015652039055174825,True,True
V4_lissajous_Ym10,V,4000,open_loop,windows,band,4.695938187966139e-08,7.523950729416516e-06,0.00624131969605589,True,True
V4_lissajous_Ym10,V,2000,open_loop,full,time,9.678130566256789e-06,0.000163978340279718,0.059020786219372706,True,True
V4_lissajous_Ym10,V,2000,open_loop,full,band,2.1310761795752225e-07,8.339336410882754e-06,0.025554505473531306,True,True
V4_lissajous_Ym10,V,2000,open_loop,windows,time,3.1575583183417163e-07,0.00047360635304853177,0.0006667052285124546,True,True
V4_lissajous_Ym10,V,2000,open_loop,windows,band,1.9883070974535997e-07,7.784999128710583e-06,0.025540235324122893,True,True
V4_lissajous_Ym10,V,1000,open_loop,full,time,3.676870469035667e-05,0.0001770809031386518,0.20763788776007827,True,True
V4_lissajous_Ym10,V,1000,open_loop,full,band,9.918335083858597e-07,7.931281833007341e-06,0.12505336832921263,True,True
V4_lissajous_Ym10,V,1000,open_loop,windows,time,1.4190710790859826e-06,0.0004915096888776796,0.002887168068499952,True,True
V4_lissajous_Ym10,V,1000,open_loop,windows,band,9.42403125095565e-07,7.6155810223639755e-06,0.12374671378691875,True,True
