id	tier	arm	noise	start	na	seed	nf
1	karnopp	obc	noisy	detuned	2	1	0.1
2	karnopp	u	noisy	detuned	2	1	0.1
3	karnopp	obc	noisy	detuned	2	2	0.1
4	karnopp	u	noisy	detuned	2	2	0.1
5	karnopp	obc	noisy	detuned	2	3	0.1
6	karnopp	u	noisy	detuned	2	3	0.1
7	karnopp	obc	noisy	detuned	2	4	0.1
8	karnopp	u	noisy	detuned	2	4	0.1
9	karnopp	obc	noisy	detuned	2	5	0.1
10	karnopp	u	noisy	detuned	2	5	0.1
11	karnopp	obc	noisefree	detuned	2	1	0.1
12	karnopp	u	noisefree	detuned	2	1	0.1
13	karnopp	obc	noisefree	detuned	2	2	0.1
14	karnopp	u	noisefree	detuned	2	2	0.1
15	karnopp	obc	noisefree	detuned	2	3	0.1
16	karnopp	u	noisefree	detuned	2	3	0.1
17	karnopp	obc	noisefree	detuned	2	4	0.1
18	karnopp	u	noisefree	detuned	2	4	0.1
19	karnopp	obc	noisefree	detuned	2	5	0.1
20	karnopp	u	noisefree	detuned	2	5	0.1
21	karnopp	obc	noisy	detuned	0	1	0.1
22	karnopp	obc	noisy	detuned	8	1	0.1
23	karnopp	obc	noisefree	detuned	0	1	0.1
24	karnopp	obc	noisefree	detuned	8	1	0.1
25	karnopp	obc	noisy	correct	2	1	0.1
26	karnopp	u	noisy	correct	2	1	0.1
27	karnopp	obc	noisefree	correct	2	1	0.1
28	karnopp	u	noisefree	correct	2	1	0.1
29	4	obc	noisy	detuned	2	1	0.2
30	4	obc	noisy	detuned	2	1	0.4
101	smoke	obc	noisy	detuned	2	1	0.1
102	smoke	u	noisefree	correct	0	1	0.1
103	smoke	obc	noisy	detuned	8	1	0.4
41	core	obc	noisy	detuned	2	1	0.1
42	core	u	noisy	detuned	2	1	0.1
43	core	obc	noisy	detuned	2	2	0.1
44	core	u	noisy	detuned	2	2	0.1
45	core	obc	noisy	detuned	2	3	0.1
46	core	u	noisy	detuned	2	3	0.1
47	core	obc	noisy	detuned	0	1	0.1
48	core	obc	noisy	detuned	4	1	0.1
49	core	obc	noisy	detuned	8	1	0.1
50	core	obc	noisefree	detuned	2	1	0.1
51	core	u	noisefree	detuned	2	1	0.1
52	core	obc	noisy	correct	2	1	0.1
53	core	u	noisy	correct	2	1	0.1
104	smoke	obc	noisefree	correct	4	1	0.1
